[{"model": "contenttypes.contenttype", "pk": 1, "fields": {"app_label": "admin", "model": "logentry"}}, {"model": "contenttypes.contenttype", "pk": 2, "fields": {"app_label": "auth", "model": "permission"}}, {"model": "contenttypes.contenttype", "pk": 3, "fields": {"app_label": "auth", "model": "group"}}, {"model": "contenttypes.contenttype", "pk": 4, "fields": {"app_label": "auth", "model": "user"}}, {"model": "contenttypes.contenttype", "pk": 5, "fields": {"app_label": "contenttypes", "model": "contenttype"}}, {"model": "contenttypes.contenttype", "pk": 6, "fields": {"app_label": "sessions", "model": "session"}}, {"model": "contenttypes.contenttype", "pk": 7, "fields": {"app_label": "sites", "model": "site"}}, {"model": "contenttypes.contenttype", "pk": 8, "fields": {"app_label": "account", "model": "emailaddress"}}, {"model": "contenttypes.contenttype", "pk": 9, "fields": {"app_label": "account", "model": "emailconfirmation"}}, {"model": "contenttypes.contenttype", "pk": 10, "fields": {"app_label": "socialaccount", "model": "socialaccount"}}, {"model": "contenttypes.contenttype", "pk": 11, "fields": {"app_label": "socialaccount", "model": "socialapp"}}, {"model": "contenttypes.contenttype", "pk": 12, "fields": {"app_label": "socialaccount", "model": "socialtoken"}}, {"model": "contenttypes.contenttype", "pk": 13, "fields": {"app_label": "social_app", "model": "profile"}}, {"model": "contenttypes.contenttype", "pk": 14, "fields": {"app_label": "social_app", "model": "message"}}, {"model": "contenttypes.contenttype", "pk": 15, "fields": {"app_label": "social_app", "model": "friendrequest"}}, {"model": "contenttypes.contenttype", "pk": 16, "fields": {"app_label": "social_app", "model": "groups"}}, {"model": "contenttypes.contenttype", "pk": 17, "fields": {"app_label": "social_app", "model": "groupprofile"}}, {"model": "sessions.session", "pk": "0ijm0chxy79iyk2wk8ddss01fz8z49ma", "fields": {"session_data": "ODYzYWE4OGJmYmQ3MzhlNzYzNWVkYjRkNGQwMDkzNDRlZGM2NTMxYzp7Il9hdXRoX3VzZXJfaWQiOiI3IiwiX2F1dGhfdXNlcl9iYWNrZW5kIjoiZGphbmdvLmNvbnRyaWIuYXV0aC5iYWNrZW5kcy5Nb2RlbEJhY2tlbmQiLCJfYXV0aF91c2VyX2hhc2giOiIyYWRmZDE4NTVlNDdiOGJiZWRlYzM2ZjUyMWE3NTFiYWQxMjk0OTE0IiwiX3Nlc3Npb25fZXhwaXJ5IjowfQ==", "expire_date": "2020-05-08T19:11:27.191Z"}}, {"model": "sessions.session", "pk": "107b8yhfcy3ou60viavuko6v119p99ep", "fields": {"session_data": "NTlmN2Q5MTY1NTE5MTk0NDZiYzIzNWM4YmI1ZWU1ODFkYzcyY2RjOTp7Il9hdXRoX3VzZXJfaWQiOiI4IiwiX2F1dGhfdXNlcl9iYWNrZW5kIjoiZGphbmdvLmNvbnRyaWIuYXV0aC5iYWNrZW5kcy5Nb2RlbEJhY2tlbmQiLCJfYXV0aF91c2VyX2hhc2giOiJkZDNiN2UwMzc0ZmFhZDgwMTczODY4NGZhOTAyNWQ5NGUxOTE2YjQwIiwiX3Nlc3Npb25fZXhwaXJ5IjowfQ==", "expire_date": "2020-05-08T17:20:24.895Z"}}, {"model": "sessions.session", "pk": "5fs9cxrz4dhjf86inq0j1molm2reqtmi", "fields": {"session_data": "M2U1M2U5MTEyYjgzYTI4ZGVlYjhmZWE4YTI1NDE5ZWRjYTRiZjQ0Mzp7Il9hdXRoX3VzZXJfaWQiOiIxIiwiX2F1dGhfdXNlcl9iYWNrZW5kIjoiZGphbmdvLmNvbnRyaWIuYXV0aC5iYWNrZW5kcy5Nb2RlbEJhY2tlbmQiLCJfYXV0aF91c2VyX2hhc2giOiJhMmIzOTA0YzY3NjNiZmZiOGQzZTgyNTViZjk2YThlOTUzNGE2ZjBhIiwiX3Nlc3Npb25fZXhwaXJ5IjowfQ==", "expire_date": "2020-05-08T17:13:38.197Z"}}, {"model": "sessions.session", "pk": "6t5bgmob636if9eetie4x2ahv3cra860", "fields": {"session_data": "ODYzYWE4OGJmYmQ3MzhlNzYzNWVkYjRkNGQwMDkzNDRlZGM2NTMxYzp7Il9hdXRoX3VzZXJfaWQiOiI3IiwiX2F1dGhfdXNlcl9iYWNrZW5kIjoiZGphbmdvLmNvbnRyaWIuYXV0aC5iYWNrZW5kcy5Nb2RlbEJhY2tlbmQiLCJfYXV0aF91c2VyX2hhc2giOiIyYWRmZDE4NTVlNDdiOGJiZWRlYzM2ZjUyMWE3NTFiYWQxMjk0OTE0IiwiX3Nlc3Npb25fZXhwaXJ5IjowfQ==", "expire_date": "2020-05-09T01:31:57.712Z"}}, {"model": "sessions.session", "pk": "6tqh190quri1vthp861xgmwolocsh723", "fields": {"session_data": "NjA3YjljMDZkNWJmZmIxZjVhYTZjOTAwNWRjODE2YjJkODE4ODY4Mzp7Il9hdXRoX3VzZXJfaWQiOiI3IiwiX2F1dGhfdXNlcl9iYWNrZW5kIjoiYWxsYXV0aC5hY2NvdW50LmF1dGhfYmFja2VuZHMuQXV0aGVudGljYXRpb25CYWNrZW5kIiwiX2F1dGhfdXNlcl9oYXNoIjoiMmFkZmQxODU1ZTQ3YjhiYmVkZWMzNmY1MjFhNzUxYmFkMTI5NDkxNCIsIl9zZXNzaW9uX2V4cGlyeSI6MH0=", "expire_date": "2020-05-09T01:20:17.309Z"}}, {"model": "sessions.session", "pk": "8i9g0ud0kq22p6nuclhk0z4ycj8xo6da", "fields": {"session_data": "NTlmN2Q5MTY1NTE5MTk0NDZiYzIzNWM4YmI1ZWU1ODFkYzcyY2RjOTp7Il9hdXRoX3VzZXJfaWQiOiI4IiwiX2F1dGhfdXNlcl9iYWNrZW5kIjoiZGphbmdvLmNvbnRyaWIuYXV0aC5iYWNrZW5kcy5Nb2RlbEJhY2tlbmQiLCJfYXV0aF91c2VyX2hhc2giOiJkZDNiN2UwMzc0ZmFhZDgwMTczODY4NGZhOTAyNWQ5NGUxOTE2YjQwIiwiX3Nlc3Npb25fZXhwaXJ5IjowfQ==", "expire_date": "2020-05-07T16:55:34.461Z"}}, {"model": "sessions.session", "pk": "9lfjtf0kliy8w7ekc0afeybskpjirnbg", "fields": {"session_data": "ODYzYWE4OGJmYmQ3MzhlNzYzNWVkYjRkNGQwMDkzNDRlZGM2NTMxYzp7Il9hdXRoX3VzZXJfaWQiOiI3IiwiX2F1dGhfdXNlcl9iYWNrZW5kIjoiZGphbmdvLmNvbnRyaWIuYXV0aC5iYWNrZW5kcy5Nb2RlbEJhY2tlbmQiLCJfYXV0aF91c2VyX2hhc2giOiIyYWRmZDE4NTVlNDdiOGJiZWRlYzM2ZjUyMWE3NTFiYWQxMjk0OTE0IiwiX3Nlc3Npb25fZXhwaXJ5IjowfQ==", "expire_date": "2020-05-07T16:24:11.781Z"}}, {"model": "sessions.session", "pk": "ajmb5s655ahorz3tib72x6v1b0nejozz", "fields": {"session_data": "ZjhmODU3ZTNjNjg1OGUyMWZhYTdiNDQ2NGQ1ZjVjYzc1NGU0MTFmZjp7ImFjY291bnRfdmVyaWZpZWRfZW1haWwiOm51bGwsImFjY291bnRfdXNlciI6IjMifQ==", "expire_date": "2020-05-04T02:11:06.007Z"}}, {"model": "sessions.session", "pk": "b63r8etbphvjblinhv04k8u6xvg9e94x", "fields": {"session_data": "MjdhMjAwOTM0MWY1YmViNjI5MTdkZDdmMmMyYzRhNTFmOTU1NWFhNDp7Il9hdXRoX3VzZXJfaWQiOiIxIiwiX2F1dGhfdXNlcl9iYWNrZW5kIjoiZGphbmdvLmNvbnRyaWIuYXV0aC5iYWNrZW5kcy5Nb2RlbEJhY2tlbmQiLCJfYXV0aF91c2VyX2hhc2giOiJhMmIzOTA0YzY3NjNiZmZiOGQzZTgyNTViZjk2YThlOTUzNGE2ZjBhIn0=", "expire_date": "2020-05-07T01:42:17.263Z"}}, {"model": "sessions.session", "pk": "cw485qfbt83wf9rq2qykmwb6b95epprz", "fields": {"session_data": "MjdhMjAwOTM0MWY1YmViNjI5MTdkZDdmMmMyYzRhNTFmOTU1NWFhNDp7Il9hdXRoX3VzZXJfaWQiOiIxIiwiX2F1dGhfdXNlcl9iYWNrZW5kIjoiZGphbmdvLmNvbnRyaWIuYXV0aC5iYWNrZW5kcy5Nb2RlbEJhY2tlbmQiLCJfYXV0aF91c2VyX2hhc2giOiJhMmIzOTA0YzY3NjNiZmZiOGQzZTgyNTViZjk2YThlOTUzNGE2ZjBhIn0=", "expire_date": "2020-06-08T09:55:21.229Z"}}, {"model": "sessions.session", "pk": "gro4stmwhs4hjfm1orkx9l2ls2rgj6wn", "fields": {"session_data": "M2U1M2U5MTEyYjgzYTI4ZGVlYjhmZWE4YTI1NDE5ZWRjYTRiZjQ0Mzp7Il9hdXRoX3VzZXJfaWQiOiIxIiwiX2F1dGhfdXNlcl9iYWNrZW5kIjoiZGphbmdvLmNvbnRyaWIuYXV0aC5iYWNrZW5kcy5Nb2RlbEJhY2tlbmQiLCJfYXV0aF91c2VyX2hhc2giOiJhMmIzOTA0YzY3NjNiZmZiOGQzZTgyNTViZjk2YThlOTUzNGE2ZjBhIiwiX3Nlc3Npb25fZXhwaXJ5IjowfQ==", "expire_date": "2020-06-06T03:15:27.137Z"}}, {"model": "sessions.session", "pk": "ob2n36w14m8tab71bmxmq6u6o72v71d3", "fields": {"session_data": "ODYzYWE4OGJmYmQ3MzhlNzYzNWVkYjRkNGQwMDkzNDRlZGM2NTMxYzp7Il9hdXRoX3VzZXJfaWQiOiI3IiwiX2F1dGhfdXNlcl9iYWNrZW5kIjoiZGphbmdvLmNvbnRyaWIuYXV0aC5iYWNrZW5kcy5Nb2RlbEJhY2tlbmQiLCJfYXV0aF91c2VyX2hhc2giOiIyYWRmZDE4NTVlNDdiOGJiZWRlYzM2ZjUyMWE3NTFiYWQxMjk0OTE0IiwiX3Nlc3Npb25fZXhwaXJ5IjowfQ==", "expire_date": "2020-05-07T23:41:40.005Z"}}, {"model": "sessions.session", "pk": "poo2waiene6px0yg8bgvved2atc75048", "fields": {"session_data": "M2U1M2U5MTEyYjgzYTI4ZGVlYjhmZWE4YTI1NDE5ZWRjYTRiZjQ0Mzp7Il9hdXRoX3VzZXJfaWQiOiIxIiwiX2F1dGhfdXNlcl9iYWNrZW5kIjoiZGphbmdvLmNvbnRyaWIuYXV0aC5iYWNrZW5kcy5Nb2RlbEJhY2tlbmQiLCJfYXV0aF91c2VyX2hhc2giOiJhMmIzOTA0YzY3NjNiZmZiOGQzZTgyNTViZjk2YThlOTUzNGE2ZjBhIiwiX3Nlc3Npb25fZXhwaXJ5IjowfQ==", "expire_date": "2020-05-21T02:05:24.726Z"}}, {"model": "sessions.session", "pk": "pwoxn8wpqh1r01o0n8xbl3zuo9tnci6c", "fields": {"session_data": "OGVmMjJiZmE1YTQ2OGE5YjQxNTMwOTMwODFlYTE0NDA5MzZlYmVhNzp7ImFjY291bnRfdmVyaWZpZWRfZW1haWwiOm51bGwsImFjY291bnRfdXNlciI6IjkiLCJfYXV0aF91c2VyX2lkIjoiOSIsIl9hdXRoX3VzZXJfYmFja2VuZCI6ImFsbGF1dGguYWNjb3VudC5hdXRoX2JhY2tlbmRzLkF1dGhlbnRpY2F0aW9uQmFja2VuZCIsIl9hdXRoX3VzZXJfaGFzaCI6IjlkYzEzYWRkYzQxY2IxOWQ2NWY2OWVmZDU0ZjQ0YmFjNTIwODk0Y2QifQ==", "expire_date": "2020-06-06T03:14:23.584Z"}}, {"model": "sessions.session", "pk": "wm5ug2eqr73tmlhj9mcaoods1maeb5bl", "fields": {"session_data": "NTlmN2Q5MTY1NTE5MTk0NDZiYzIzNWM4YmI1ZWU1ODFkYzcyY2RjOTp7Il9hdXRoX3VzZXJfaWQiOiI4IiwiX2F1dGhfdXNlcl9iYWNrZW5kIjoiZGphbmdvLmNvbnRyaWIuYXV0aC5iYWNrZW5kcy5Nb2RlbEJhY2tlbmQiLCJfYXV0aF91c2VyX2hhc2giOiJkZDNiN2UwMzc0ZmFhZDgwMTczODY4NGZhOTAyNWQ5NGUxOTE2YjQwIiwiX3Nlc3Npb25fZXhwaXJ5IjowfQ==", "expire_date": "2020-05-08T03:52:25.365Z"}}, {"model": "sites.site", "pk": 1, "fields": {"domain": "example.com", "name": "example.com"}}, {"model": "auth.permission", "pk": 1, "fields": {"name": "Can add log entry", "content_type": 1, "codename": "add_logentry"}}, {"model": "auth.permission", "pk": 2, "fields": {"name": "Can change log entry", "content_type": 1, "codename": "change_logentry"}}, {"model": "auth.permission", "pk": 3, "fields": {"name": "Can delete log entry", "content_type": 1, "codename": "delete_logentry"}}, {"model": "auth.permission", "pk": 4, "fields": {"name": "Can view log entry", "content_type": 1, "codename": "view_logentry"}}, {"model": "auth.permission", "pk": 5, "fields": {"name": "Can add permission", "content_type": 2, "codename": "add_permission"}}, {"model": "auth.permission", "pk": 6, "fields": {"name": "Can change permission", "content_type": 2, "codename": "change_permission"}}, {"model": "auth.permission", "pk": 7, "fields": {"name": "Can delete permission", "content_type": 2, "codename": "delete_permission"}}, {"model": "auth.permission", "pk": 8, "fields": {"name": "Can view permission", "content_type": 2, "codename": "view_permission"}}, {"model": "auth.permission", "pk": 9, "fields": {"name": "Can add group", "content_type": 3, "codename": "add_group"}}, {"model": "auth.permission", "pk": 10, "fields": {"name": "Can change group", "content_type": 3, "codename": "change_group"}}, {"model": "auth.permission", "pk": 11, "fields": {"name": "Can delete group", "content_type": 3, "codename": "delete_group"}}, {"model": "auth.permission", "pk": 12, "fields": {"name": "Can view group", "content_type": 3, "codename": "view_group"}}, {"model": "auth.permission", "pk": 13, "fields": {"name": "Can add user", "content_type": 4, "codename": "add_user"}}, {"model": "auth.permission", "pk": 14, "fields": {"name": "Can change user", "content_type": 4, "codename": "change_user"}}, {"model": "auth.permission", "pk": 15, "fields": {"name": "Can delete user", "content_type": 4, "codename": "delete_user"}}, {"model": "auth.permission", "pk": 16, "fields": {"name": "Can view user", "content_type": 4, "codename": "view_user"}}, {"model": "auth.permission", "pk": 17, "fields": {"name": "Can add content type", "content_type": 5, "codename": "add_contenttype"}}, {"model": "auth.permission", "pk": 18, "fields": {"name": "Can change content type", "content_type": 5, "codename": "change_contenttype"}}, {"model": "auth.permission", "pk": 19, "fields": {"name": "Can delete content type", "content_type": 5, "codename": "delete_contenttype"}}, {"model": "auth.permission", "pk": 20, "fields": {"name": "Can view content type", "content_type": 5, "codename": "view_contenttype"}}, {"model": "auth.permission", "pk": 21, "fields": {"name": "Can add session", "content_type": 6, "codename": "add_session"}}, {"model": "auth.permission", "pk": 22, "fields": {"name": "Can change session", "content_type": 6, "codename": "change_session"}}, {"model": "auth.permission", "pk": 23, "fields": {"name": "Can delete session", "content_type": 6, "codename": "delete_session"}}, {"model": "auth.permission", "pk": 24, "fields": {"name": "Can view session", "content_type": 6, "codename": "view_session"}}, {"model": "auth.permission", "pk": 25, "fields": {"name": "Can add site", "content_type": 7, "codename": "add_site"}}, {"model": "auth.permission", "pk": 26, "fields": {"name": "Can change site", "content_type": 7, "codename": "change_site"}}, {"model": "auth.permission", "pk": 27, "fields": {"name": "Can delete site", "content_type": 7, "codename": "delete_site"}}, {"model": "auth.permission", "pk": 28, "fields": {"name": "Can view site", "content_type": 7, "codename": "view_site"}}, {"model": "auth.permission", "pk": 29, "fields": {"name": "Can add email address", "content_type": 8, "codename": "add_emailaddress"}}, {"model": "auth.permission", "pk": 30, "fields": {"name": "Can change email address", "content_type": 8, "codename": "change_emailaddress"}}, {"model": "auth.permission", "pk": 31, "fields": {"name": "Can delete email address", "content_type": 8, "codename": "delete_emailaddress"}}, {"model": "auth.permission", "pk": 32, "fields": {"name": "Can view email address", "content_type": 8, "codename": "view_emailaddress"}}, {"model": "auth.permission", "pk": 33, "fields": {"name": "Can add email confirmation", "content_type": 9, "codename": "add_emailconfirmation"}}, {"model": "auth.permission", "pk": 34, "fields": {"name": "Can change email confirmation", "content_type": 9, "codename": "change_emailconfirmation"}}, {"model": "auth.permission", "pk": 35, "fields": {"name": "Can delete email confirmation", "content_type": 9, "codename": "delete_emailconfirmation"}}, {"model": "auth.permission", "pk": 36, "fields": {"name": "Can view email confirmation", "content_type": 9, "codename": "view_emailconfirmation"}}, {"model": "auth.permission", "pk": 37, "fields": {"name": "Can add social account", "content_type": 10, "codename": "add_socialaccount"}}, {"model": "auth.permission", "pk": 38, "fields": {"name": "Can change social account", "content_type": 10, "codename": "change_socialaccount"}}, {"model": "auth.permission", "pk": 39, "fields": {"name": "Can delete social account", "content_type": 10, "codename": "delete_socialaccount"}}, {"model": "auth.permission", "pk": 40, "fields": {"name": "Can view social account", "content_type": 10, "codename": "view_socialaccount"}}, {"model": "auth.permission", "pk": 41, "fields": {"name": "Can add social application", "content_type": 11, "codename": "add_socialapp"}}, {"model": "auth.permission", "pk": 42, "fields": {"name": "Can change social application", "content_type": 11, "codename": "change_socialapp"}}, {"model": "auth.permission", "pk": 43, "fields": {"name": "Can delete social application", "content_type": 11, "codename": "delete_socialapp"}}, {"model": "auth.permission", "pk": 44, "fields": {"name": "Can view social application", "content_type": 11, "codename": "view_socialapp"}}, {"model": "auth.permission", "pk": 45, "fields": {"name": "Can add social application token", "content_type": 12, "codename": "add_socialtoken"}}, {"model": "auth.permission", "pk": 46, "fields": {"name": "Can change social application token", "content_type": 12, "codename": "change_socialtoken"}}, {"model": "auth.permission", "pk": 47, "fields": {"name": "Can delete social application token", "content_type": 12, "codename": "delete_socialtoken"}}, {"model": "auth.permission", "pk": 48, "fields": {"name": "Can view social application token", "content_type": 12, "codename": "view_socialtoken"}}, {"model": "auth.permission", "pk": 49, "fields": {"name": "Can add profile", "content_type": 13, "codename": "add_profile"}}, {"model": "auth.permission", "pk": 50, "fields": {"name": "Can change profile", "content_type": 13, "codename": "change_profile"}}, {"model": "auth.permission", "pk": 51, "fields": {"name": "Can delete profile", "content_type": 13, "codename": "delete_profile"}}, {"model": "auth.permission", "pk": 52, "fields": {"name": "Can view profile", "content_type": 13, "codename": "view_profile"}}, {"model": "auth.permission", "pk": 53, "fields": {"name": "Can add message", "content_type": 14, "codename": "add_message"}}, {"model": "auth.permission", "pk": 54, "fields": {"name": "Can change message", "content_type": 14, "codename": "change_message"}}, {"model": "auth.permission", "pk": 55, "fields": {"name": "Can delete message", "content_type": 14, "codename": "delete_message"}}, {"model": "auth.permission", "pk": 56, "fields": {"name": "Can view message", "content_type": 14, "codename": "view_message"}}, {"model": "auth.permission", "pk": 57, "fields": {"name": "Can add friend request", "content_type": 15, "codename": "add_friendrequest"}}, {"model": "auth.permission", "pk": 58, "fields": {"name": "Can change friend request", "content_type": 15, "codename": "change_friendrequest"}}, {"model": "auth.permission", "pk": 59, "fields": {"name": "Can delete friend request", "content_type": 15, "codename": "delete_friendrequest"}}, {"model": "auth.permission", "pk": 60, "fields": {"name": "Can view friend request", "content_type": 15, "codename": "view_friendrequest"}}, {"model": "auth.permission", "pk": 61, "fields": {"name": "Can add groups", "content_type": 16, "codename": "add_groups"}}, {"model": "auth.permission", "pk": 62, "fields": {"name": "Can change groups", "content_type": 16, "codename": "change_groups"}}, {"model": "auth.permission", "pk": 63, "fields": {"name": "Can delete groups", "content_type": 16, "codename": "delete_groups"}}, {"model": "auth.permission", "pk": 64, "fields": {"name": "Can view groups", "content_type": 16, "codename": "view_groups"}}, {"model": "auth.permission", "pk": 65, "fields": {"name": "Can add group profile", "content_type": 17, "codename": "add_groupprofile"}}, {"model": "auth.permission", "pk": 66, "fields": {"name": "Can change group profile", "content_type": 17, "codename": "change_groupprofile"}}, {"model": "auth.permission", "pk": 67, "fields": {"name": "Can delete group profile", "content_type": 17, "codename": "delete_groupprofile"}}, {"model": "auth.permission", "pk": 68, "fields": {"name": "Can view group profile", "content_type": 17, "codename": "view_groupprofile"}}, {"model": "auth.user", "pk": 1, "fields": {"password": "pbkdf2_sha256$150000$zpqEJQSgsDrK$dPFpyHNI5HY1NkYpCx7b2wa5UdSumtZKfKqRCkD7O0c=", "last_login": "2020-05-25T09:55:21.122Z", "is_superuser": true, "username": "root", "first_name": "", "last_name": "", "email": "", "is_staff": true, "is_active": true, "date_joined": "2020-04-20T01:43:43.819Z", "groups": [], "user_permissions": []}}, {"model": "auth.user", "pk": 5, "fields": {"password": "pbkdf2_sha256$150000$i0d4Qe0Glr2I$5au78TjRmQ0TpIFzlhK+XxFvJHa4QFEdT8/EqFLFFn4=", "last_login": "2020-04-20T02:16:45.806Z", "is_superuser": false, "username": "spader", "first_name": "", "last_name": "", "email": "spader-2000@outlook.fr", "is_staff": false, "is_active": true, "date_joined": "2020-04-20T02:16:45.039Z", "groups": [], "user_permissions": []}}, {"model": "auth.user", "pk": 6, "fields": {"password": "pbkdf2_sha256$150000$3nGyO3ip4j43$x/w28DPC+rRa6w0Y36lyJ/5jcT1USDmnYmpfV9kP5l0=", "last_login": "2020-04-20T18:31:41.763Z", "is_superuser": false, "username": "ryan", "first_name": "", "last_name": "", "email": "nizar_2000@outlook.com", "is_staff": false, "is_active": true, "date_joined": "2020-04-20T18:31:40.707Z", "groups": [], "user_permissions": []}}, {"model": "auth.user", "pk": 7, "fields": {"password": "pbkdf2_sha256$150000$LzZsAWJoc5dW$29Bl+IF/H0PSJVuKTiPc3HYZM4gBuzbEwKpdWSFJgbw=", "last_login": "2020-04-25T01:31:57.536Z", "is_superuser": true, "username": "tester", "first_name": "", "last_name": "", "email": "", "is_staff": true, "is_active": true, "date_joined": "2020-04-22T00:12:40.572Z", "groups": [], "user_permissions": []}}, {"model": "auth.user", "pk": 8, "fields": {"password": "pbkdf2_sha256$150000$NDxP8heImRX1$LvlUb6/DafJePKN3NxBJ3PhBXfv6ft3UoPFqEybU6jo=", "last_login": "2020-04-24T17:20:24.747Z", "is_superuser": false, "username": "rambo", "first_name": "", "last_name": "", "email": "rambo@lowkey.com", "is_staff": false, "is_active": true, "date_joined": "2020-04-22T17:17:46.599Z", "groups": [], "user_permissions": []}}, {"model": "auth.user", "pk": 9, "fields": {"password": "pbkdf2_sha256$150000$YBeWvOrijotR$RbD+64hNegny8qcPLnYqu6O7GBfm6LFnC2VdR4lMMgw=", "last_login": "2020-05-23T03:14:23.407Z", "is_superuser": false, "username": "dangerous", "first_name": "", "last_name": "", "email": "dangerous@hotmail.com", "is_staff": false, "is_active": true, "date_joined": "2020-05-23T03:14:22.271Z", "groups": [], "user_permissions": []}}, {"model": "account.emailaddress", "pk": 4, "fields": {"user": 5, "email": "spader-2000@outlook.fr", "verified": false, "primary": true}}, {"model": "account.emailaddress", "pk": 5, "fields": {"user": 6, "email": "nizar_2000@outlook.com", "verified": false, "primary": true}}, {"model": "account.emailaddress", "pk": 6, "fields": {"user": 8, "email": "rambo@lowkey.com", "verified": false, "primary": true}}, {"model": "account.emailaddress", "pk": 7, "fields": {"user": 9, "email": "dangerous@hotmail.com", "verified": false, "primary": true}}, {"model": "social_app.message", "pk": 15, "fields": {"author": 1, "content": "hello", "receiver": 6, "time_stamp": "2020-04-21T00:26:19.767Z"}}, {"model": "social_app.message", "pk": 16, "fields": {"author": 1, "content": "wusup", "receiver": 6, "time_stamp": "2020-04-21T00:30:54.230Z"}}, {"model": "social_app.message", "pk": 17, "fields": {"author": 1, "content": "heyo", "receiver": 6, "time_stamp": "2020-04-21T00:32:04.687Z"}}, {"model": "social_app.message", "pk": 18, "fields": {"author": 6, "content": "am replying", "receiver": 1, "time_stamp": "2020-04-21T01:14:56.915Z"}}, {"model": "social_app.message", "pk": 19, "fields": {"author": 1, "content": "helo", "receiver": 6, "time_stamp": "2020-04-21T01:15:32.258Z"}}, {"model": "social_app.message", "pk": 20, "fields": {"author": 1, "content": "rambo", "receiver": 6, "time_stamp": "2020-04-21T01:17:41.091Z"}}, {"model": "social_app.message", "pk": 21, "fields": {"author": 1, "content": "hello", "receiver": 6, "time_stamp": "2020-04-21T17:15:51.658Z"}}, {"model": "social_app.message", "pk": 22, "fields": {"author": 1, "content": "whhhhhhhhht", "receiver": 6, "time_stamp": "2020-04-21T17:16:21.132Z"}}, {"model": "social_app.message", "pk": 23, "fields": {"author": 1, "content": "shit", "receiver": 6, "time_stamp": "2020-04-21T17:22:24.572Z"}}, {"model": "social_app.message", "pk": 24, "fields": {"author": 1, "content": "like me ", "receiver": 6, "time_stamp": "2020-04-21T17:22:57.679Z"}}, {"model": "social_app.message", "pk": 25, "fields": {"author": 1, "content": "yow", "receiver": 6, "time_stamp": "2020-04-21T17:23:27.535Z"}}, {"model": "social_app.message", "pk": 26, "fields": {"author": 1, "content": "testing ", "receiver": 6, "time_stamp": "2020-04-21T17:46:27.522Z"}}, {"model": "social_app.message", "pk": 27, "fields": {"author": 6, "content": "testing roocks", "receiver": 1, "time_stamp": "2020-04-21T17:46:54.457Z"}}, {"model": "social_app.message", "pk": 28, "fields": {"author": 6, "content": "yolo solo", "receiver": 1, "time_stamp": "2020-04-21T17:49:27.159Z"}}, {"model": "social_app.message", "pk": 29, "fields": {"author": 1, "content": "hello", "receiver": 7, "time_stamp": "2020-04-22T01:57:32.994Z"}}, {"model": "social_app.message", "pk": 30, "fields": {"author": 7, "content": "how are you", "receiver": 1, "time_stamp": "2020-04-22T01:57:47.671Z"}}, {"model": "social_app.message", "pk": 31, "fields": {"author": 1, "content": "am fine ", "receiver": 7, "time_stamp": "2020-04-22T01:58:39.470Z"}}, {"model": "social_app.message", "pk": 32, "fields": {"author": 7, "content": "cool", "receiver": 1, "time_stamp": "2020-04-22T02:01:56.148Z"}}, {"model": "social_app.message", "pk": 33, "fields": {"author": 1, "content": "yolo", "receiver": 5, "time_stamp": "2020-04-22T02:03:01.781Z"}}, {"model": "social_app.message", "pk": 34, "fields": {"author": 1, "content": "shtick", "receiver": 5, "time_stamp": "2020-04-22T02:04:05.847Z"}}, {"model": "social_app.message", "pk": 35, "fields": {"author": 1, "content": "shmuck", "receiver": 7, "time_stamp": "2020-04-22T02:04:18.964Z"}}, {"model": "social_app.message", "pk": 36, "fields": {"author": 1, "content": "lol", "receiver": 7, "time_stamp": "2020-04-22T02:05:04.497Z"}}, {"model": "social_app.message", "pk": 37, "fields": {"author": 1, "content": "set", "receiver": 7, "time_stamp": "2020-04-22T02:05:26.021Z"}}, {"model": "social_app.message", "pk": 38, "fields": {"author": 1, "content": "go", "receiver": 7, "time_stamp": "2020-04-22T02:05:55.544Z"}}, {"model": "social_app.message", "pk": 39, "fields": {"author": 7, "content": "sat", "receiver": 1, "time_stamp": "2020-04-22T02:13:30.962Z"}}, {"model": "social_app.message", "pk": 40, "fields": {"author": 1, "content": "slick", "receiver": 7, "time_stamp": "2020-04-22T15:46:04.208Z"}}, {"model": "social_app.message", "pk": 41, "fields": {"author": 7, "content": "roothead", "receiver": 1, "time_stamp": "2020-04-22T15:46:58.418Z"}}, {"model": "social_app.message", "pk": 42, "fields": {"author": 1, "content": "but", "receiver": 7, "time_stamp": "2020-04-22T15:47:20.438Z"}}, {"model": "social_app.message", "pk": 43, "fields": {"author": 7, "content": "hello", "receiver": 8, "time_stamp": "2020-04-22T18:23:53.111Z"}}, {"model": "social_app.message", "pk": 44, "fields": {"author": 8, "content": "fuck you", "receiver": 7, "time_stamp": "2020-04-22T18:23:59.806Z"}}, {"model": "social_app.message", "pk": 45, "fields": {"author": 8, "content": "jeff", "receiver": 7, "time_stamp": "2020-04-23T04:04:34.280Z"}}, {"model": "social_app.message", "pk": 46, "fields": {"author": 8, "content": "hjk", "receiver": 7, "time_stamp": "2020-04-23T04:08:15.468Z"}}, {"model": "social_app.message", "pk": 47, "fields": {"author": 8, "content": "dsdf", "receiver": 7, "time_stamp": "2020-04-23T18:00:21.155Z"}}, {"model": "social_app.message", "pk": 48, "fields": {"author": 8, "content": "heey", "receiver": 7, "time_stamp": "2020-04-23T18:27:46.692Z"}}, {"model": "social_app.message", "pk": 49, "fields": {"author": 8, "content": "stan", "receiver": 7, "time_stamp": "2020-04-23T18:30:02.948Z"}}, {"model": "social_app.message", "pk": 50, "fields": {"author": 8, "content": "rendez-vous", "receiver": 7, "time_stamp": "2020-04-23T18:37:31.864Z"}}, {"model": "social_app.message", "pk": 51, "fields": {"author": 7, "content": "lima", "receiver": 8, "time_stamp": "2020-04-23T18:39:06.329Z"}}, {"model": "social_app.message", "pk": 52, "fields": {"author": 7, "content": "today is thursday", "receiver": 8, "time_stamp": "2020-04-23T18:44:20.220Z"}}, {"model": "social_app.message", "pk": 53, "fields": {"author": 8, "content": "renaeau", "receiver": 7, "time_stamp": "2020-04-23T18:45:21.847Z"}}, {"model": "social_app.message", "pk": 54, "fields": {"author": 8, "content": "love", "receiver": 7, "time_stamp": "2020-04-23T18:56:38.281Z"}}, {"model": "social_app.message", "pk": 55, "fields": {"author": 7, "content": "smokes", "receiver": 8, "time_stamp": "2020-04-23T18:58:22.515Z"}}, {"model": "social_app.message", "pk": 56, "fields": {"author": 8, "content": "runway", "receiver": 7, "time_stamp": "2020-04-23T19:00:35.878Z"}}, {"model": "social_app.message", "pk": 57, "fields": {"author": 7, "content": "lambo", "receiver": 8, "time_stamp": "2020-04-23T19:01:25.902Z"}}, {"model": "social_app.message", "pk": 58, "fields": {"author": 8, "content": "yellow", "receiver": 7, "time_stamp": "2020-04-23T19:02:23.246Z"}}, {"model": "social_app.message", "pk": 59, "fields": {"author": 8, "content": "hello", "receiver": 7, "time_stamp": "2020-04-23T19:08:04.428Z"}}, {"model": "social_app.message", "pk": 60, "fields": {"author": 8, "content": "wrong", "receiver": 7, "time_stamp": "2020-04-23T19:15:31.628Z"}}, {"model": "social_app.message", "pk": 61, "fields": {"author": 8, "content": "homo", "receiver": 7, "time_stamp": "2020-04-23T19:18:58.962Z"}}, {"model": "social_app.message", "pk": 62, "fields": {"author": 1, "content": "hello", "receiver": 7, "time_stamp": "2020-04-23T21:57:07.011Z"}}, {"model": "social_app.message", "pk": 63, "fields": {"author": 1, "content": "a kiss is just a kiss", "receiver": 7, "time_stamp": "2020-04-23T22:23:53.068Z"}}, {"model": "social_app.message", "pk": 64, "fields": {"author": 7, "content": "yoooopie", "receiver": 1, "time_stamp": "2020-04-23T23:49:08.172Z"}}, {"model": "social_app.message", "pk": 65, "fields": {"author": 8, "content": "hello", "receiver": 7, "time_stamp": "2020-04-24T19:12:42.277Z"}}, {"model": "social_app.message", "pk": 66, "fields": {"author": 7, "content": "how is it going ", "receiver": 8, "time_stamp": "2020-04-24T19:12:54.894Z"}}, {"model": "social_app.message", "pk": 67, "fields": {"author": 7, "content": "u watchin?", "receiver": 8, "time_stamp": "2020-04-24T19:13:26.216Z"}}, {"model": "social_app.message", "pk": 68, "fields": {"author": 8, "content": "hello rambo", "receiver": 7, "time_stamp": "2020-04-25T01:26:47.080Z"}}, {"model": "social_app.message", "pk": 69, "fields": {"author": 9, "content": "hello root", "receiver": 1, "time_stamp": "2020-05-23T03:21:00.561Z"}}, {"model": "social_app.message", "pk": 70, "fields": {"author": 1, "content": "what is up broo ur dangerous ay??", "receiver": 9, "time_stamp": "2020-05-23T03:21:15.254Z"}}, {"model": "social_app.message", "pk": 71, "fields": {"author": 1, "content": "wanna watch a movie?", "receiver": 9, "time_stamp": "2020-05-23T03:21:36.779Z"}}, {"model": "social_app.groups", "pk": 1, "fields": {"group_member": 7, "group_room": "locos", "group_description": "fines"}}, {"model": "social_app.groups", "pk": 2, "fields": {"group_member": 1, "group_room": "tanto", "group_description": "chikchika"}}, {"model": "social_app.groups", "pk": 3, "fields": {"group_member": 1, "group_room": "tanto", "group_description": "yolotolotoototot"}}, {"model": "social_app.groups", "pk": 4, "fields": {"group_member": 1, "group_room": "second", "group_description": "tanotoooaotmadfk"}}, {"model": "social_app.groups", "pk": 5, "fields": {"group_member": 8, "group_room": "second", "group_description": "tanotoooaotmadfk"}}, {"model": "social_app.groupprofile", "pk": 2, "fields": {"group_room": "second", "content": "hello", "time_stamp": "2020-04-23T01:13:56.515Z", "author": 8}}, {"model": "social_app.groupprofile", "pk": 3, "fields": {"group_room": "second", "content": "yoo", "time_stamp": "2020-04-23T01:15:25.575Z", "author": 8}}, {"model": "social_app.profile", "pk": 5, "fields": {"profile_name": 1, "twitter_handle": "twiiter", "facebook_handle": "nawfal.bouziane.137", "instagram_handle": "dont have it", "linkedin_handle": "dont have it", "youtube_handle": "dont have it", "phone": 9090909, "email": "root@roxane.com", "profile_id": "root", "profile_status": "ON", "personal_motto": "i am the defiant", "avatar": "images/r.png", "friends": [6, 7, 8, 10]}}, {"model": "social_app.profile", "pk": 6, "fields": {"profile_name": 5, "twitter_handle": "Empty", "facebook_handle": "Empty", "instagram_handle": "Empty", "linkedin_handle": "Empty", "youtube_handle": "Empty", "phone": 0, "email": "Empty", "profile_id": "spader", "profile_status": "OFF", "personal_motto": "i am at work", "avatar": "images/s.png", "friends": [5]}}, {"model": "social_app.profile", "pk": 7, "fields": {"profile_name": 6, "twitter_handle": "Empty", "facebook_handle": "Empty", "instagram_handle": "Empty", "linkedin_handle": "Empty", "youtube_handle": "Empty", "phone": 0, "email": "Empty", "profile_id": "ryan", "profile_status": "OFF", "personal_motto": "i am at work", "avatar": "images/r.png", "friends": [5]}}, {"model": "social_app.profile", "pk": 8, "fields": {"profile_name": 7, "twitter_handle": "Empty", "facebook_handle": "Empty", "instagram_handle": "Empty", "linkedin_handle": "Empty", "youtube_handle": "Empty", "phone": 0, "email": "Empty", "profile_id": "tester", "profile_status": "ON", "personal_motto": "i am at work", "avatar": "images/t.png", "friends": [5, 8, 9]}}, {"model": "social_app.profile", "pk": 9, "fields": {"profile_name": 8, "twitter_handle": "Empty", "facebook_handle": "Empty", "instagram_handle": "Empty", "linkedin_handle": "Empty", "youtube_handle": "Empty", "phone": 0, "email": "Empty", "profile_id": "rambo", "profile_status": "ON", "personal_motto": "i am at work", "avatar": "images/r.png", "friends": [8]}}, {"model": "social_app.profile", "pk": 10, "fields": {"profile_name": 9, "twitter_handle": "Empty", "facebook_handle": "Empty", "instagram_handle": "Empty", "linkedin_handle": "Empty", "youtube_handle": "Empty", "phone": 0, "email": "Empty", "profile_id": "dangerous", "profile_status": "ON", "personal_motto": "i am at work", "avatar": "images/d.png", "friends": [5]}}, {"model": "social_app.friendrequest", "pk": 6, "fields": {"to_user": 5, "from_user": 1, "time_stamp": "2020-04-20T04:36:31.045Z", "status": "A", "friendshipRoom": "sr"}}, {"model": "social_app.friendrequest", "pk": 7, "fields": {"to_user": 5, "from_user": 6, "time_stamp": "2020-04-20T18:32:21.390Z", "status": "P", "friendshipRoom": "sr"}}, {"model": "social_app.friendrequest", "pk": 8, "fields": {"to_user": 1, "from_user": 6, "time_stamp": "2020-04-20T18:32:33.989Z", "status": "A", "friendshipRoom": "rr"}}, {"model": "social_app.friendrequest", "pk": 9, "fields": {"to_user": 5, "from_user": 6, "time_stamp": "2020-04-20T20:38:32.157Z", "status": "P", "friendshipRoom": "sr"}}, {"model": "social_app.friendrequest", "pk": 10, "fields": {"to_user": 1, "from_user": 7, "time_stamp": "2020-04-22T00:21:38.067Z", "status": "A", "friendshipRoom": "rt"}}, {"model": "social_app.friendrequest", "pk": 11, "fields": {"to_user": 1, "from_user": 8, "time_stamp": "2020-04-22T17:45:09.006Z", "status": "P", "friendshipRoom": "rr"}}, {"model": "social_app.friendrequest", "pk": 12, "fields": {"to_user": 7, "from_user": 8, "time_stamp": "2020-04-22T17:45:49.366Z", "status": "P", "friendshipRoom": "tr"}}, {"model": "social_app.friendrequest", "pk": 13, "fields": {"to_user": 8, "from_user": 7, "time_stamp": "2020-04-22T18:17:09.037Z", "status": "A", "friendshipRoom": "rt"}}, {"model": "social_app.friendrequest", "pk": 14, "fields": {"to_user": 8, "from_user": 9, "time_stamp": "2020-05-23T03:14:52.979Z", "status": "P", "friendshipRoom": "rd"}}, {"model": "social_app.friendrequest", "pk": 15, "fields": {"to_user": 1, "from_user": 9, "time_stamp": "2020-05-23T03:15:39.876Z", "status": "A", "friendshipRoom": "rd"}}, {"model": "admin.logentry", "pk": 1, "fields": {"action_time": "2020-04-20T02:11:58.270Z", "user": 1, "content_type": 4, "object_id": "2", "object_repr": "spader", "action_flag": 3, "change_message": ""}}, {"model": "admin.logentry", "pk": 2, "fields": {"action_time": "2020-04-20T02:11:58.589Z", "user": 1, "content_type": 4, "object_id": "3", "object_repr": "start", "action_flag": 3, "change_message": ""}}, {"model": "admin.logentry", "pk": 3, "fields": {"action_time": "2020-04-20T02:16:05.465Z", "user": 1, "content_type": 4, "object_id": "4", "object_repr": "spader", "action_flag": 3, "change_message": ""}}, {"model": "admin.logentry", "pk": 4, "fields": {"action_time": "2020-04-20T02:22:37.557Z", "user": 1, "content_type": 13, "object_id": "2", "object_repr": "root", "action_flag": 1, "change_message": "[{\"added\": {}}]"}}, {"model": "admin.logentry", "pk": 5, "fields": {"action_time": "2020-04-20T03:23:31.609Z", "user": 1, "content_type": 15, "object_id": "1", "object_repr": "from root to spader", "action_flag": 2, "change_message": "[]"}}, {"model": "admin.logentry", "pk": 6, "fields": {"action_time": "2020-04-20T04:30:21.374Z", "user": 1, "content_type": 15, "object_id": "1", "object_repr": "from root to spader", "action_flag": 3, "change_message": ""}}, {"model": "admin.logentry", "pk": 7, "fields": {"action_time": "2020-04-20T04:31:01.718Z", "user": 1, "content_type": 13, "object_id": "1", "object_repr": "spader", "action_flag": 3, "change_message": ""}}, {"model": "admin.logentry", "pk": 8, "fields": {"action_time": "2020-04-20T04:31:13.669Z", "user": 1, "content_type": 13, "object_id": "3", "object_repr": "spader", "action_flag": 1, "change_message": "[{\"added\": {}}]"}}, {"model": "admin.logentry", "pk": 9, "fields": {"action_time": "2020-04-20T04:31:23.588Z", "user": 1, "content_type": 13, "object_id": "2", "object_repr": "root", "action_flag": 3, "change_message": ""}}, {"model": "admin.logentry", "pk": 10, "fields": {"action_time": "2020-04-20T04:31:37.233Z", "user": 1, "content_type": 13, "object_id": "4", "object_repr": "root", "action_flag": 1, "change_message": "[{\"added\": {}}]"}}, {"model": "admin.logentry", "pk": 11, "fields": {"action_time": "2020-04-20T04:35:14.596Z", "user": 1, "content_type": 15, "object_id": "5", "object_repr": "from spader to root", "action_flag": 3, "change_message": ""}}, {"model": "admin.logentry", "pk": 12, "fields": {"action_time": "2020-04-20T04:35:14.776Z", "user": 1, "content_type": 15, "object_id": "4", "object_repr": "from spader to root", "action_flag": 3, "change_message": ""}}, {"model": "admin.logentry", "pk": 13, "fields": {"action_time": "2020-04-20T04:35:14.908Z", "user": 1, "content_type": 15, "object_id": "3", "object_repr": "from spader to spader", "action_flag": 3, "change_message": ""}}, {"model": "admin.logentry", "pk": 14, "fields": {"action_time": "2020-04-20T04:35:15.051Z", "user": 1, "content_type": 15, "object_id": "2", "object_repr": "from spader to root", "action_flag": 3, "change_message": ""}}, {"model": "admin.logentry", "pk": 15, "fields": {"action_time": "2020-04-20T04:35:33.395Z", "user": 1, "content_type": 13, "object_id": "3", "object_repr": "spader", "action_flag": 3, "change_message": ""}}, {"model": "admin.logentry", "pk": 16, "fields": {"action_time": "2020-04-20T04:35:43.321Z", "user": 1, "content_type": 13, "object_id": "4", "object_repr": "root", "action_flag": 3, "change_message": ""}}, {"model": "admin.logentry", "pk": 17, "fields": {"action_time": "2020-04-20T04:35:56.698Z", "user": 1, "content_type": 13, "object_id": "5", "object_repr": "root", "action_flag": 1, "change_message": "[{\"added\": {}}]"}}, {"model": "admin.logentry", "pk": 18, "fields": {"action_time": "2020-04-20T04:36:10.001Z", "user": 1, "content_type": 13, "object_id": "6", "object_repr": "spader", "action_flag": 1, "change_message": "[{\"added\": {}}]"}}, {"model": "admin.logentry", "pk": 19, "fields": {"action_time": "2020-04-20T04:53:42.472Z", "user": 1, "content_type": 15, "object_id": "6", "object_repr": "from root to spader", "action_flag": 2, "change_message": "[]"}}, {"model": "admin.logentry", "pk": 20, "fields": {"action_time": "2020-04-20T04:56:18.745Z", "user": 1, "content_type": 15, "object_id": "6", "object_repr": "from root to spader", "action_flag": 2, "change_message": "[]"}}, {"model": "admin.logentry", "pk": 21, "fields": {"action_time": "2020-04-20T04:56:31.112Z", "user": 1, "content_type": 15, "object_id": "6", "object_repr": "from root to spader", "action_flag": 2, "change_message": "[]"}}, {"model": "admin.logentry", "pk": 22, "fields": {"action_time": "2020-04-20T04:56:38.049Z", "user": 1, "content_type": 15, "object_id": "6", "object_repr": "from root to spader", "action_flag": 2, "change_message": "[]"}}, {"model": "admin.logentry", "pk": 23, "fields": {"action_time": "2020-04-20T04:57:02.993Z", "user": 1, "content_type": 15, "object_id": "6", "object_repr": "from root to spader", "action_flag": 2, "change_message": "[]"}}, {"model": "admin.logentry", "pk": 24, "fields": {"action_time": "2020-04-20T04:57:20.609Z", "user": 1, "content_type": 15, "object_id": "6", "object_repr": "from root to spader", "action_flag": 2, "change_message": "[]"}}, {"model": "admin.logentry", "pk": 25, "fields": {"action_time": "2020-04-20T04:57:29.823Z", "user": 1, "content_type": 15, "object_id": "6", "object_repr": "from root to spader", "action_flag": 2, "change_message": "[]"}}, {"model": "admin.logentry", "pk": 26, "fields": {"action_time": "2020-04-20T05:13:11.926Z", "user": 1, "content_type": 15, "object_id": "6", "object_repr": "from root to spader", "action_flag": 2, "change_message": "[]"}}, {"model": "admin.logentry", "pk": 27, "fields": {"action_time": "2020-04-20T05:14:05.665Z", "user": 1, "content_type": 15, "object_id": "6", "object_repr": "from root to spader", "action_flag": 2, "change_message": "[]"}}, {"model": "admin.logentry", "pk": 28, "fields": {"action_time": "2020-04-20T05:14:56.248Z", "user": 1, "content_type": 15, "object_id": "6", "object_repr": "from root to spader", "action_flag": 2, "change_message": "[]"}}, {"model": "admin.logentry", "pk": 29, "fields": {"action_time": "2020-04-20T05:15:28.282Z", "user": 1, "content_type": 15, "object_id": "6", "object_repr": "from root to spader", "action_flag": 2, "change_message": "[]"}}, {"model": "admin.logentry", "pk": 30, "fields": {"action_time": "2020-04-20T05:15:45.012Z", "user": 1, "content_type": 15, "object_id": "6", "object_repr": "from root to spader", "action_flag": 2, "change_message": "[]"}}, {"model": "admin.logentry", "pk": 31, "fields": {"action_time": "2020-04-20T05:43:05.246Z", "user": 1, "content_type": 15, "object_id": "6", "object_repr": "from root to spader", "action_flag": 2, "change_message": "[]"}}, {"model": "admin.logentry", "pk": 32, "fields": {"action_time": "2020-04-20T05:43:42.396Z", "user": 1, "content_type": 15, "object_id": "6", "object_repr": "from root to spader", "action_flag": 2, "change_message": "[{\"changed\": {\"fields\": [\"friendshipRoom\"]}}]"}}, {"model": "admin.logentry", "pk": 33, "fields": {"action_time": "2020-04-20T05:45:37.539Z", "user": 1, "content_type": 15, "object_id": "6", "object_repr": "from root to spader", "action_flag": 2, "change_message": "[{\"changed\": {\"fields\": [\"friendshipRoom\"]}}]"}}, {"model": "admin.logentry", "pk": 34, "fields": {"action_time": "2020-04-20T05:46:04.248Z", "user": 1, "content_type": 15, "object_id": "6", "object_repr": "from root to spader", "action_flag": 2, "change_message": "[{\"changed\": {\"fields\": [\"friendshipRoom\"]}}]"}}, {"model": "admin.logentry", "pk": 35, "fields": {"action_time": "2020-04-20T05:46:31.042Z", "user": 1, "content_type": 15, "object_id": "6", "object_repr": "from root to spader", "action_flag": 2, "change_message": "[{\"changed\": {\"fields\": [\"friendshipRoom\"]}}]"}}, {"model": "admin.logentry", "pk": 36, "fields": {"action_time": "2020-04-20T05:47:02.403Z", "user": 1, "content_type": 15, "object_id": "6", "object_repr": "from root to spader", "action_flag": 2, "change_message": "[{\"changed\": {\"fields\": [\"friendshipRoom\"]}}]"}}, {"model": "admin.logentry", "pk": 37, "fields": {"action_time": "2020-04-20T05:47:43.904Z", "user": 1, "content_type": 15, "object_id": "6", "object_repr": "from root to spader", "action_flag": 2, "change_message": "[]"}}, {"model": "admin.logentry", "pk": 38, "fields": {"action_time": "2020-04-20T05:48:06.342Z", "user": 1, "content_type": 15, "object_id": "6", "object_repr": "from root to spader", "action_flag": 2, "change_message": "[]"}}, {"model": "admin.logentry", "pk": 39, "fields": {"action_time": "2020-04-20T06:06:32.798Z", "user": 1, "content_type": 15, "object_id": "6", "object_repr": "from root to spader", "action_flag": 2, "change_message": "[]"}}, {"model": "admin.logentry", "pk": 40, "fields": {"action_time": "2020-04-20T06:06:51.069Z", "user": 1, "content_type": 15, "object_id": "6", "object_repr": "from root to spader", "action_flag": 2, "change_message": "[]"}}, {"model": "admin.logentry", "pk": 41, "fields": {"action_time": "2020-04-20T06:07:06.176Z", "user": 1, "content_type": 15, "object_id": "6", "object_repr": "from root to spader", "action_flag": 2, "change_message": "[]"}}, {"model": "admin.logentry", "pk": 42, "fields": {"action_time": "2020-04-20T06:07:38.970Z", "user": 1, "content_type": 15, "object_id": "6", "object_repr": "from root to spader", "action_flag": 2, "change_message": "[]"}}, {"model": "admin.logentry", "pk": 43, "fields": {"action_time": "2020-04-20T06:08:24.864Z", "user": 1, "content_type": 15, "object_id": "6", "object_repr": "from root to spader", "action_flag": 2, "change_message": "[]"}}, {"model": "admin.logentry", "pk": 44, "fields": {"action_time": "2020-04-20T06:10:37.778Z", "user": 1, "content_type": 15, "object_id": "6", "object_repr": "from root to spader", "action_flag": 2, "change_message": "[]"}}, {"model": "admin.logentry", "pk": 45, "fields": {"action_time": "2020-04-20T06:10:43.721Z", "user": 1, "content_type": 15, "object_id": "6", "object_repr": "from root to spader", "action_flag": 2, "change_message": "[]"}}, {"model": "admin.logentry", "pk": 46, "fields": {"action_time": "2020-04-20T06:29:54.013Z", "user": 1, "content_type": 15, "object_id": "6", "object_repr": "from root to spader", "action_flag": 2, "change_message": "[]"}}, {"model": "admin.logentry", "pk": 47, "fields": {"action_time": "2020-04-20T06:29:58.831Z", "user": 1, "content_type": 15, "object_id": "6", "object_repr": "from root to spader", "action_flag": 2, "change_message": "[]"}}, {"model": "admin.logentry", "pk": 48, "fields": {"action_time": "2020-04-20T06:41:12.748Z", "user": 1, "content_type": 15, "object_id": "6", "object_repr": "from root to spader", "action_flag": 2, "change_message": "[]"}}, {"model": "admin.logentry", "pk": 49, "fields": {"action_time": "2020-04-20T06:53:34.098Z", "user": 1, "content_type": 15, "object_id": "6", "object_repr": "from root to spader", "action_flag": 2, "change_message": "[]"}}, {"model": "admin.logentry", "pk": 50, "fields": {"action_time": "2020-04-20T06:53:39.793Z", "user": 1, "content_type": 15, "object_id": "6", "object_repr": "from root to spader", "action_flag": 2, "change_message": "[]"}}, {"model": "admin.logentry", "pk": 51, "fields": {"action_time": "2020-04-20T18:47:04.855Z", "user": 1, "content_type": 14, "object_id": "5", "object_repr": "spader:sup", "action_flag": 3, "change_message": ""}}, {"model": "admin.logentry", "pk": 52, "fields": {"action_time": "2020-04-20T18:47:05.056Z", "user": 1, "content_type": 14, "object_id": "4", "object_repr": "root:helo", "action_flag": 3, "change_message": ""}}, {"model": "admin.logentry", "pk": 53, "fields": {"action_time": "2020-04-20T18:47:05.210Z", "user": 1, "content_type": 14, "object_id": "3", "object_repr": "root:styx", "action_flag": 3, "change_message": ""}}, {"model": "admin.logentry", "pk": 54, "fields": {"action_time": "2020-04-20T18:47:05.375Z", "user": 1, "content_type": 14, "object_id": "2", "object_repr": "spader:hello", "action_flag": 3, "change_message": ""}}, {"model": "admin.logentry", "pk": 55, "fields": {"action_time": "2020-04-20T18:47:05.529Z", "user": 1, "content_type": 14, "object_id": "1", "object_repr": "root:stuck", "action_flag": 3, "change_message": ""}}, {"model": "admin.logentry", "pk": 56, "fields": {"action_time": "2020-04-20T19:04:25.319Z", "user": 1, "content_type": 14, "object_id": "6", "object_repr": "ryan:hello", "action_flag": 2, "change_message": "[]"}}, {"model": "admin.logentry", "pk": 57, "fields": {"action_time": "2020-04-21T00:20:19.594Z", "user": 1, "content_type": 14, "object_id": "11", "object_repr": "root to ryan:hello", "action_flag": 3, "change_message": ""}}, {"model": "admin.logentry", "pk": 58, "fields": {"action_time": "2020-04-21T00:20:19.826Z", "user": 1, "content_type": 14, "object_id": "10", "object_repr": "root to ryan:hello", "action_flag": 3, "change_message": ""}}, {"model": "admin.logentry", "pk": 59, "fields": {"action_time": "2020-04-21T00:20:19.979Z", "user": 1, "content_type": 14, "object_id": "9", "object_repr": "root to ryan:hello", "action_flag": 3, "change_message": ""}}, {"model": "admin.logentry", "pk": 60, "fields": {"action_time": "2020-04-21T00:20:20.100Z", "user": 1, "content_type": 14, "object_id": "8", "object_repr": "root to ryan:hello", "action_flag": 3, "change_message": ""}}, {"model": "admin.logentry", "pk": 61, "fields": {"action_time": "2020-04-21T00:20:20.210Z", "user": 1, "content_type": 14, "object_id": "7", "object_repr": "root to ryan:hello", "action_flag": 3, "change_message": ""}}, {"model": "admin.logentry", "pk": 62, "fields": {"action_time": "2020-04-21T00:20:20.353Z", "user": 1, "content_type": 14, "object_id": "6", "object_repr": "ryan to root:hello", "action_flag": 3, "change_message": ""}}, {"model": "admin.logentry", "pk": 63, "fields": {"action_time": "2020-04-21T00:24:59.528Z", "user": 1, "content_type": 14, "object_id": "14", "object_repr": "root to ryan:hello", "action_flag": 3, "change_message": ""}}, {"model": "admin.logentry", "pk": 64, "fields": {"action_time": "2020-04-21T00:24:59.832Z", "user": 1, "content_type": 14, "object_id": "13", "object_repr": "root to ryan:hello", "action_flag": 3, "change_message": ""}}, {"model": "admin.logentry", "pk": 65, "fields": {"action_time": "2020-04-21T00:24:59.987Z", "user": 1, "content_type": 14, "object_id": "12", "object_repr": "root to ryan:hello", "action_flag": 3, "change_message": ""}}, {"model": "admin.logentry", "pk": 66, "fields": {"action_time": "2020-04-21T01:14:56.916Z", "user": 1, "content_type": 14, "object_id": "18", "object_repr": "ryan to root:am replyin", "action_flag": 1, "change_message": "[{\"added\": {}}]"}}, {"model": "admin.logentry", "pk": 67, "fields": {"action_time": "2020-04-21T17:46:54.458Z", "user": 1, "content_type": 14, "object_id": "27", "object_repr": "ryan to root:testing ro", "action_flag": 1, "change_message": "[{\"added\": {}}]"}}, {"model": "admin.logentry", "pk": 68, "fields": {"action_time": "2020-04-22T00:17:23.593Z", "user": 7, "content_type": 13, "object_id": "8", "object_repr": "tester", "action_flag": 1, "change_message": "[{\"added\": {}}]"}}, {"model": "admin.logentry", "pk": 69, "fields": {"action_time": "2020-04-22T16:55:45.613Z", "user": 1, "content_type": 13, "object_id": "8", "object_repr": "tester", "action_flag": 2, "change_message": "[]"}}, {"model": "admin.logentry", "pk": 70, "fields": {"action_time": "2020-04-22T16:55:53.935Z", "user": 1, "content_type": 13, "object_id": "8", "object_repr": "tester", "action_flag": 2, "change_message": "[]"}}, {"model": "admin.logentry", "pk": 71, "fields": {"action_time": "2020-04-22T16:55:59.520Z", "user": 1, "content_type": 13, "object_id": "7", "object_repr": "ryan", "action_flag": 2, "change_message": "[]"}}, {"model": "admin.logentry", "pk": 72, "fields": {"action_time": "2020-04-22T16:56:06.560Z", "user": 1, "content_type": 13, "object_id": "6", "object_repr": "spader", "action_flag": 2, "change_message": "[]"}}, {"model": "admin.logentry", "pk": 73, "fields": {"action_time": "2020-04-22T16:56:12.678Z", "user": 1, "content_type": 13, "object_id": "5", "object_repr": "root", "action_flag": 2, "change_message": "[]"}}, {"model": "admin.logentry", "pk": 74, "fields": {"action_time": "2020-04-22T21:37:34.696Z", "user": 7, "content_type": 16, "object_id": "1", "object_repr": "locos:tester", "action_flag": 2, "change_message": "[]"}}, {"model": "admin.logentry", "pk": 75, "fields": {"action_time": "2020-04-23T00:55:24.813Z", "user": 7, "content_type": 17, "object_id": "1", "object_repr": "groupProfile object (1)", "action_flag": 1, "change_message": "[{\"added\": {}}]"}}, {"model": "admin.logentry", "pk": 76, "fields": {"action_time": "2020-04-23T01:23:18.303Z", "user": 7, "content_type": 17, "object_id": "1", "object_repr": "groupProfile object (1)", "action_flag": 3, "change_message": ""}}]